year,week,team_1,team_1_score,team_1_proj,team_1_result,team_2,team_2_score,team_2_proj,team_2_result
2017,1,Abhi,100,126,Win,Griffin,64,119,Loss
2017,1,Landon,100,102,Loss,Brayden,120,118,Win
2017,1,James,93,103,Win,Korben,91,123,Loss
2017,1,Jace,86,113,Win,Hudson,71,95,Loss
2017,1,Rhett,102,114,Win,Peyton,99,112,Loss
2017,1,Harrison,68,98,Loss,Ben,88,109,Win
2017,2,Abhi,83,123,Loss,Jace,121,115,Win
2017,2,Landon,101,100,Loss,Korben,109,114,Win
2017,2,James,108,112,Loss,Brayden,144,122,Win
2017,2,Griffin,58,104,Loss,Hudson,130,119,Win
2017,2,Rhett,89,125,Loss,Harrison,107,119,Win
2017,2,Peyton,81,123,Loss,Ben,103,107,Win
2017,3,Abhi,111,120,Loss,Korben,127,118,Win
2017,3,Landon,132,118,Win,Rhett,66,109,Loss
2017,3,James,64,102,Loss,Harrison,111,115,Win
2017,3,Jace,90,97,Loss,Griffin,132,119,Win
2017,3,Brayden,135,129,Win,Peyton,102,115,Loss
2017,3,Ben,87,111,Loss,Hudson,121,100,Win
2017,4,Abhi,133,119,Win,Peyton,92,126,Loss
2017,4,Landon,109,120,Win,Harrison,83,111,Loss
2017,4,James,106,111,Loss,Jace,109,95,Win
2017,4,Brayden,109,115,Win,Ben,107,114,Loss
2017,4,Griffin,89,119,Win,Rhett,72,113,Loss
2017,4,Korben,90,120,Loss,Hudson,128,110,Win
2017,5,Abhi,66,119,Loss,James,73,100,Win
2017,5,Landon,112,108,Win,Peyton,94,111,Loss
2017,5,Jace,84,52,Loss,Brayden,105,116,Win
2017,5,Griffin,91,90,Win,Korben,64,101,Loss
2017,5,Rhett,119,107,Win,Ben,115,106,Loss
2017,5,Harrison,106,92,Win,Hudson,63,94,Loss
2017,6,Abhi,121,105,Win,Ben,120,109,Loss
2017,6,Landon,113,98,Win,James,87,96,Loss
2017,6,Jace,76,87,Loss,Rhett,112,116,Win
2017,6,Brayden,85,126,Loss,Griffin,125,93,Win
2017,6,Peyton,112,116,Win,Hudson,80,82,Loss
2017,6,Harrison,65,97,Loss,Korben,96,113,Win
2017,7,Abhi,173,119,Win,Rhett,130,113,Loss
2017,7,Landon,75,98,Loss,Ben,99,105,Win
2017,7,James,63,100,Loss,Hudson,84,86,Win
2017,7,Jace,72,74,Loss,Korben,116,115,Win
2017,7,Brayden,110,113,Win,Harrison,57,89,Loss
2017,7,Griffin,95,98,Loss,Peyton,96,97,Win
2017,8,Abhi,159,120,Win,Peyton,93,111,Loss
2017,8,Landon,103,87,Win,Harrison,91,93,Loss
2017,8,James,87,80,Loss,Jace,97,60,Win
2017,8,Brayden,83,110,Loss,Ben,86,103,Win
2017,8,Griffin,113,98,Loss,Rhett,128,116,Win
2017,8,Korben,76,107,Win,Hudson,44,53,Loss
2017,9,Abhi,125,118,Win,Landon,62,54,Loss
2017,9,James,38,49,Loss,Rhett,91,106,Win
2017,9,Jace,71,61,Loss,Peyton,89,99,Win
2017,9,Brayden,79,109,Win,Hudson,39,44,Loss
2017,9,Griffin,73,80,Loss,Harrison,99,87,Win
2017,9,Korben,119,107,Win,Ben,104,94,Loss
2017,10,Abhi,98,117,Win,Brayden,74,92,Loss
2017,10,Landon,78,81,Loss,Hudson,80,80,Win
2017,10,James,48,58,Loss,Griffin,117,110,Win
2017,10,Jace,63,87,Loss,Ben,64,88,Win
2017,10,Rhett,163,105,Win,Korben,109,105,Loss
2017,10,Peyton,104,103,Loss,Harrison,110,97,Win
2017,11,Abhi,123,124,Loss,Griffin,138,106,Win
2017,11,Landon,101,72,Win,Brayden,60,102,Loss
2017,11,James,115,82,Loss,Korben,118,111,Win
2017,11,Jace,83,69,Loss,Hudson,87,80,Win
2017,11,Rhett,126,114,Tie,Peyton,126,109,Tie
2017,11,Harrison,84,97,Win,Ben,80,97,Loss
2017,12,Abhi,124,129,Win,Hudson,84,89,Loss
2017,12,Landon,93,102,Loss,Griffin,107,113,Win
2017,12,James,115,94,Win,Ben,55,97,Loss
2017,12,Jace,93,100,Win,Harrison,76,104,Loss
2017,12,Brayden,71,92,Loss,Rhett,123,127,Win
2017,12,Peyton,114,119,Loss,Korben,174,117,Win
2017,13,Abhi,165,127,Win,Rhett,127,109,Loss
2017,13,Landon,80,94,Loss,Ben,96,106,Win
2017,13,James,90,94,Win,Hudson,67,76,Loss
2017,13,Jace,68,87,Loss,Korben,130,116,Win
2017,13,Brayden,114,110,Win,Harrison,64,95,Loss
2017,13,Griffin,86,119,Win,Peyton,84,104,Loss
2017,14,Abhi,157,113,Win,Harrison,102,91,Loss
2017,14,Landon,98,89,Loss,Brayden,130,103,Win
2017,14,Griffin,103,108,Win,Rhett,79,106,Loss
2017,14,Korben,96,118,Loss,Ben,146,101,Win
2017,15,Abhi,114,126,Loss,Ben,123,105,Win
2017,15,Landon,89,90,Loss,Rhett,111,115,Win
2017,15,Brayden,138,115,Win,Griffin,115,106,Loss
2017,15,Harrison,65,87,Loss,Korben,107,121,Win
2017,16,Abhi,72,122,Loss,Griffin,107,114,Win
2017,16,Landon,110,98,Win,Harrison,79,104,Loss
2017,16,Brayden,119,116,Win,Ben,78,105,Loss
2017,16,Rhett,125,112,Win,Korben,111,115,Loss
2018,1,Abhi,120,132,Loss,Harrison,143,121,Win
2018,1,Ben,104,121,Loss,Cody,129,119,Win
2018,1,Brayden,122,128,Loss,Peyton,148,119,Win
2018,1,Griffin,135,105,Win,Korben,91,118,Loss
2018,1,Rhett,57,112,Loss,Weston,132,120,Win
2018,2,Abhi,103,126,Win,Weston,96,127,Loss
2018,2,Ben,123,120,Loss,Korben,129,113,Win
2018,2,Brayden,95,120,Loss,Harrison,107,110,Win
2018,2,Griffin,79,103,Loss,Peyton,146,121,Win
2018,2,Rhett,100,96,Win,Cody,86,101,Loss
2018,3,Abhi,115,129,Loss,Korben,122,121,Win
2018,3,Ben,92,130,Loss,Rhett,102,107,Win
2018,3,Brayden,127,128,Loss,Weston,132,109,Win
2018,3,Griffin,107,113,Loss,Cody,121,110,Win
2018,3,Harrison,113,113,Win,Peyton,95,114,Loss
2018,4,Abhi,122,119,Loss,Peyton,133,113,Win
2018,4,Ben,98,120,Loss,Brayden,148,126,Win
2018,4,Griffin,92,121,Win,Rhett,81,103,Loss
2018,4,Harrison,167,102,Win,Weston,110,123,Loss
2018,4,Korben,141,120,Win,Cody,115,103,Loss
2018,5,Abhi,149,131,Win,Brayden,100,118,Loss
2018,5,Ben,133,119,Win,Griffin,97,108,Loss
2018,5,Harrison,103,115,Win,Cody,80,108,Loss
2018,5,Korben,84,107,Loss,Rhett,119,112,Win
2018,5,Peyton,111,117,Loss,Weston,155,123,Win
2018,6,Abhi,132,136,Loss,Harrison,134,112,Win
2018,6,Ben,101,118,Loss,Korben,112,120,Win
2018,6,Brayden,131,117,Loss,Weston,145,117,Win
2018,6,Griffin,84,110,Loss,Cody,86,107,Win
2018,6,Peyton,153,118,Win,Rhett,128,115,Loss
2018,7,Abhi,142,117,Win,Weston,112,130,Loss
2018,7,Ben,119,113,Win,Peyton,116,120,Loss
2018,7,Brayden,117,125,Win,Harrison,102,106,Loss
2018,7,Griffin,97,99,Loss,Rhett,131,108,Win
2018,7,Korben,92,104,Loss,Cody,99,105,Win
2018,8,Abhi,131,124,Win,Griffin,62,101,Loss
2018,8,Ben,152,126,Win,Cody,98,108,Loss
2018,8,Brayden,139,130,Win,Peyton,117,116,Loss
2018,8,Harrison,123,105,Loss,Weston,171,134,Win
2018,8,Korben,100,112,Loss,Rhett,127,112,Win
2018,9,Abhi,126,129,Loss,Brayden,144,126,Win
2018,9,Ben,106,107,Loss,Rhett,127,106,Win
2018,9,Griffin,99,101,Loss,Korben,150,118,Win
2018,9,Harrison,103,117,Win,Peyton,61,83,Loss
2018,9,Weston,117,109,Win,Cody,115,112,Loss
2018,10,Abhi,122,125,Loss,Ben,124,111,Win
2018,10,Brayden,108,128,Loss,Griffin,164,109,Win
2018,10,Harrison,81,110,Loss,Korben,110,126,Win
2018,10,Peyton,138,120,Loss,Weston,150,138,Win
2018,10,Rhett,139,112,Win,Cody,109,122,Loss
2018,11,Abhi,107,124,Loss,Peyton,146,125,Win
2018,11,Ben,103,104,Loss,Griffin,143,112,Win
2018,11,Brayden,152,137,Win,Cody,81,108,Loss
2018,11,Harrison,103,116,Loss,Rhett,136,113,Win
2018,11,Korben,119,122,Loss,Weston,145,133,Win
2018,12,Abhi,132,127,Win,Cody,90,113,Loss
2018,12,Ben,100,117,Loss,Harrison,143,92,Win
2018,12,Brayden,101,125,Loss,Rhett,117,109,Win
2018,12,Griffin,155,130,Win,Weston,139,144,Loss
2018,12,Korben,126,114,Loss,Peyton,144,120,Win
2018,13,Abhi,117,129,Loss,Rhett,139,114,Win
2018,13,Ben,96,108,Loss,Weston,105,131,Win
2018,13,Brayden,139,132,Win,Korben,108,116,Loss
2018,13,Griffin,71,115,Loss,Harrison,114,114,Win
2018,13,Peyton,111,126,Win,Cody,57,104,Loss
2018,14,Brayden,122,136,Loss,Peyton,125,124,Win
2018,14,Korben,116,115,Win,Weston,114,140,Loss
2018,15,Abhi,138,127,Win,Cody,64,73,Loss
2018,15,Ben,131,100,Win,Griffin,115,114,Loss
2018,15,Brayden,101,129,Win,Weston,83,130,Loss
2018,15,Harrison,78,111,Loss,Korben,85,117,Win
2018,15,Peyton,79,118,Loss,Rhett,113,112,Win
2018,16,Abhi,134,120,Win,Ben,119,101,Loss
2018,16,Griffin,83,119,Win,Cody,74,73,Loss
2018,16,Harrison,79,80,Loss,Peyton,100,118,Win
2018,16,Korben,134,124,Loss,Rhett,139,111,Win
2019,1,Abhi,174,152,Win,Cody,88,145,Loss
2019,1,Harrison,180,136,Win,Korben,159,150,Loss
2019,1,Ben,164,148,Win,Griffin,148,153,Loss
2019,1,Weston,154,156,Win,Saxon,87,128,Loss
2019,1,Brayden,99,151,Loss,Peyton,137,134,Win
2019,1,Rhett,149,154,Loss,Leighton,151,143,Win
2019,2,Abhi,131,157,Win,Peyton,129,144,Loss
2019,2,Harrison,117,150,Win,Leighton,108,143,Loss
2019,2,Ben,152,158,Win,Saxon,119,125,Loss
2019,2,Weston,128,150,Win,Griffin,111,148,Loss
2019,2,Brayden,143,139,Win,Cody,135,144,Loss
2019,2,Rhett,136,150,Loss,Korben,175,149,Win
2019,3,Abhi,193,156,Loss,Harrison,199,147,Win
2019,3,Ben,136,152,Win,Leighton,127,142,Loss
2019,3,Weston,175,154,Win,Rhett,128,145,Loss
2019,3,Brayden,97,138,Loss,Saxon,146,127,Win
2019,3,Griffin,122,156,Loss,Cody,176,133,Win
2019,3,Peyton,141,133,Loss,Korben,151,152,Win
2019,4,Abhi,193,148,Win,Leighton,121,137,Loss
2019,4,Harrison,94,151,Loss,Brayden,190,143,Win
2019,4,Ben,147,141,Loss,Griffin,154,129,Win
2019,4,Weston,121,151,Win,Peyton,120,128,Loss
2019,4,Rhett,103,141,Win,Cody,102,129,Loss
2019,4,Korben,93,144,Loss,Saxon,104,120,Win
2019,5,Abhi,146,141,Win,Rhett,121,145,Loss
2019,5,Harrison,186,136,Win,Weston,136,139,Loss
2019,5,Ben,188,156,Loss,Korben,192,150,Win
2019,5,Brayden,130,132,Win,Leighton,101,132,Loss
2019,5,Griffin,142,136,Win,Saxon,99,109,Loss
2019,5,Peyton,133,128,Loss,Cody,173,138,Win
2019,6,Abhi,177,155,Win,Brayden,131,138,Loss
2019,6,Harrison,111,127,Loss,Griffin,120,126,Win
2019,6,Ben,155,149,Loss,Weston,157,133,Win
2019,6,Rhett,155,139,Loss,Cody,162,146,Win
2019,6,Peyton,86,130,Loss,Leighton,120,136,Win
2019,6,Korben,139,151,Win,Saxon,92,120,Loss
2019,7,Abhi,162,148,Win,Saxon,110,121,Loss
2019,7,Harrison,115,134,Loss,Cody,140,128,Win
2019,7,Ben,93,131,Win,Rhett,80,130,Loss
2019,7,Weston,147,139,Win,Brayden,143,139,Loss
2019,7,Griffin,170,154,Win,Peyton,150,138,Loss
2019,7,Korben,117,150,Loss,Leighton,177,152,Win
2019,8,Abhi,211,155,Win,Korben,110,151,Loss
2019,8,Harrison,98,101,Loss,Rhett,106,135,Win
2019,8,Ben,168,142,Loss,Peyton,175,140,Win
2019,8,Weston,104,141,Loss,Cody,190,125,Win
2019,8,Brayden,166,142,Win,Griffin,144,144,Loss
2019,8,Leighton,113,144,Loss,Saxon,148,119,Win
2019,9,Abhi,155,144,Loss,Ben,160,140,Win
2019,9,Harrison,137,131,Win,Griffin,129,134,Loss
2019,9,Weston,202,129,Win,Saxon,88,108,Loss
2019,9,Brayden,119,132,Loss,Rhett,120,130,Win
2019,9,Peyton,125,112,Loss,Leighton,127,141,Win
2019,9,Korben,178,146,Win,Cody,149,134,Loss
2019,10,Abhi,140,135,Win,Leighton,133,135,Loss
2019,10,Harrison,114,116,Loss,Ben,170,145,Win
2019,10,Weston,84,134,Loss,Korben,171,156,Win
2019,10,Brayden,141,127,Loss,Cody,150,148,Win
2019,10,Griffin,133,148,Loss,Rhett,141,123,Win
2019,10,Peyton,134,136,Win,Saxon,102,86,Loss
2019,11,Abhi,107,144,Loss,Weston,151,123,Win
2019,11,Harrison,95,135,Win,Saxon,78,121,Loss
2019,11,Ben,149,153,Win,Brayden,118,147,Loss
2019,11,Griffin,115,122,Loss,Korben,116,154,Win
2019,11,Rhett,116,118,Loss,Peyton,143,141,Win
2019,11,Cody,151,137,Win,Leighton,142,133,Loss
2019,12,Abhi,122,125,Win,Peyton,89,124,Loss
2019,12,Harrison,97,126,Loss,Ben,142,129,Win
2019,12,Weston,128,138,Loss,Korben,132,139,Win
2019,12,Brayden,156,135,Win,Rhett,135,132,Loss
2019,12,Griffin,173,136,Win,Leighton,134,144,Loss
2019,12,Cody,85,154,Loss,Saxon,98,86,Win
2019,13,Abhi,149,149,Win,Griffin,146,157,Loss
2019,13,Harrison,111,127,Loss,Peyton,156,131,Win
2019,13,Ben,134,149,Loss,Cody,150,147,Win
2019,13,Weston,123,146,Loss,Leighton,126,141,Win
2019,13,Brayden,189,127,Win,Korben,94,159,Loss
2019,13,Rhett,83,127,Win,Saxon,69,90,Loss
2019,14,Abhi,133,153,Loss,Griffin,153,159,Win
2019,14,Harrison,128,123,Win,Ben,124,153,Loss
2019,14,Weston,123,140,Win,Korben,118,140,Loss
2019,14,Brayden,116,144,Win,Cody,115,151,Loss
2019,15,Abhi,148,154,Loss,Korben,159,146,Win
2019,15,Harrison,117,131,Loss,Brayden,171,138,Win
2019,15,Ben,160,139,Win,Cody,146,133,Loss
2019,15,Weston,158,122,Loss,Griffin,172,160,Win
2019,16,Abhi,113,150,Loss,Cody,199,139,Win
2019,16,Harrison,102,136,Loss,Weston,152,152,Win
2019,16,Ben,122,139,Loss,Korben,127,142,Win
2019,16,Brayden,151,151,Loss,Griffin,191,152,Win
2020,1,Abhi,141,159,Win,Weston,138,160,Loss
2020,1,Ben,113,147,Loss,Harrison,168,140,Win
2020,1,Saxon,120,139,Win,Griffin,99,126,Loss
2020,1,Peyton,181,140,Win,Rhett,130,156,Loss
2020,1,Korben,151,151,Loss,Brayden,157,143,Win
2020,1,James,125,149,Loss,Ryan,130,147,Win
2020,2,Abhi,128,159,Loss,Ryan,132,149,Win
2020,2,Ben,153,133,Loss,Brayden,178,144,Win
2020,2,Saxon,194,143,Win,Harrison,116,144,Loss
2020,2,Weston,168,162,Win,James,161,126,Loss
2020,2,Peyton,149,143,Win,Korben,124,145,Loss
2020,2,Griffin,116,137,Loss,Rhett,170,153,Win
2020,3,Abhi,152,152,Loss,Griffin,165,144,Win
2020,3,Ben,116,135,Win,Saxon,113,154,Loss
2020,3,Weston,175,162,Win,Peyton,147,136,Loss
2020,3,Korben,123,145,Loss,Rhett,200,146,Win
2020,3,Harrison,147,137,Win,Ryan,118,149,Loss
2020,3,Brayden,150,156,Win,James,141,138,Loss
2020,4,Abhi,176,153,Win,Harrison,117,139,Loss
2020,4,Ben,176,137,Win,Ryan,169,152,Loss
2020,4,Saxon,124,139,Win,James,115,132,Loss
2020,4,Weston,141,160,Loss,Rhett,178,163,Win
2020,4,Peyton,111,126,Loss,Brayden,147,163,Win
2020,4,Griffin,111,151,Loss,Korben,150,158,Win
2020,5,Abhi,154,149,Win,Peyton,149,128,Loss
2020,5,Ben,126,147,Win,Griffin,120,123,Loss
2020,5,Saxon,118,136,Loss,Weston,135,157,Win
2020,5,Korben,139,135,Loss,James,163,138,Win
2020,5,Rhett,150,150,Win,Ryan,146,150,Loss
2020,5,Harrison,132,148,Loss,Brayden,149,150,Win
2020,6,Abhi,132,152,Win,Ben,64,135,Loss
2020,6,Saxon,122,136,Loss,Rhett,158,161,Win
2020,6,Weston,173,138,Win,Ryan,119,135,Loss
2020,6,Peyton,101,145,Win,Griffin,93,120,Loss
2020,6,Korben,120,144,Loss,Brayden,131,132,Win
2020,6,Harrison,160,148,Win,James,113,134,Loss
2020,7,Abhi,169,139,Win,Korben,99,136,Loss
2020,7,Ben,158,130,Loss,Rhett,165,149,Win
2020,7,Saxon,90,137,Loss,Brayden,211,146,Win
2020,7,Weston,118,144,Loss,Harrison,129,136,Win
2020,7,Peyton,189,138,Win,James,79,134,Loss
2020,7,Griffin,140,129,Win,Ryan,103,134,Loss
2020,8,Abhi,116,137,Loss,James,165,134,Win
2020,8,Ben,117,140,Win,Griffin,116,131,Loss
2020,8,Saxon,112,129,Loss,Korben,128,133,Win
2020,8,Weston,131,147,Loss,Peyton,156,145,Win
2020,8,Rhett,147,121,Loss,Brayden,149,148,Win
2020,8,Harrison,118,148,Win,Ryan,115,123,Loss
2020,9,Abhi,126,152,Win,Saxon,113,130,Loss
2020,9,Ben,169,122,Win,Peyton,131,130,Loss
2020,9,Weston,177,141,Win,Griffin,168,130,Loss
2020,9,Korben,109,133,Win,Harrison,88,142,Loss
2020,9,Rhett,145,150,Win,James,126,131,Loss
2020,9,Brayden,156,152,Win,Ryan,108,131,Loss
2020,10,Abhi,154,150,Win,Brayden,139,154,Loss
2020,10,Ben,122,144,Win,Weston,112,138,Loss
2020,10,Saxon,91,126,Loss,Peyton,117,144,Win
2020,10,Griffin,85,124,Loss,James,146,117,Win
2020,10,Korben,142,129,Win,Ryan,105,110,Loss
2020,10,Rhett,134,156,Loss,Harrison,154,132,Win
2020,11,Abhi,158,148,Win,Peyton,132,147,Loss
2020,11,Ben,134,146,Win,Saxon,120,127,Loss
2020,11,Weston,125,149,Loss,Brayden,149,157,Win
2020,11,Griffin,112,126,Loss,Harrison,120,128,Win
2020,11,Korben,100,139,Loss,Rhett,179,156,Win
2020,11,James,125,119,Win,Ryan,109,124,Loss
2020,12,Abhi,149,142,Loss,Rhett,173,162,Win
2020,12,Ben,136,148,Win,James,128,135,Loss
2020,12,Saxon,61,97,Loss,Ryan,132,132,Win
2020,12,Weston,155,151,Win,Korben,127,139,Loss
2020,12,Peyton,106,145,Loss,Harrison,116,120,Win
2020,12,Griffin,163,136,Win,Brayden,123,162,Loss
2020,13,Abhi,98,116,Loss,Weston,155,131,Win
2020,13,Ben,127,147,Loss,Korben,147,139,Win
2020,13,Saxon,134,121,Win,Griffin,115,123,Loss
2020,13,Peyton,137,145,Win,Ryan,56,103,Loss
2020,13,Rhett,151,166,Loss,Brayden,173,153,Win
2020,13,Harrison,126,144,Loss,James,138,124,Win
2020,14,Abhi,159,149,Win,Weston,154,148,Loss
2020,14,Ben,182,149,Win,Harrison,114,143,Loss
2020,14,Peyton,143,146,Tie,Rhett,143,167,Tie
2020,14,Brayden,146,151,Win,James,128,127,Loss
2020,15,Abhi,156,154,Win,Peyton,113,147,Loss
2020,15,Ben,68,127,Loss,Brayden,170,156,Win
2020,15,Weston,144,145,Loss,Rhett,191,157,Win
2020,15,Harrison,168,137,Win,James,143,110,Loss
2020,16,Abhi,168,152,Win,Brayden,154,154,Loss
2020,16,Ben,110,121,Loss,Peyton,153,148,Win
2020,16,Weston,173,131,Win,James,150,136,Loss
2020,16,Rhett,135,152,Win,Harrison,104,141,Loss
2021,1,Abhi,189.06,142.69,Win,Weston,181.66,143.42,Loss
2021,1,Peyton,138.52,136.56,Loss,Brayden,141.96,143.17,Win
2021,1,Rhett,152.58,149.02,Win,Ryan,99.88,143.19,Loss
2021,1,Korben,120.18,145.43,Win,Justice,101.10,132.96,Loss
2021,1,Ben,99.02,140.29,Loss,James,173.46,136.31,Win
2021,1,Saxon,123.78,118.93,Win,Houston,123.56,144.42,Loss
2021,2,Abhi,115.84,139.85,Loss,Justice,130.56,135.36,Win
2021,2,Peyton,121.88,138.98,Win,Rhett,107.82,146.24,Loss
2021,2,Weston,159.12,148.06,Loss,Ben,165.80,148.01,Win
2021,2,Korben,108.82,137.82,Loss,Houston,198.60,137.58,Win
2021,2,Brayden,104.90,136.10,Loss,James,137.02,131.32,Win
2021,2,Ryan,125.10,138.61,Win,Saxon,100.42,114.99,Loss
2021,3,Abhi,150.28,148.07,Win,James,126.82,138.08,Loss
2021,3,Peyton,143.12,135.33,Loss,Ben,156.94,137.24,Win
2021,3,Weston,98.12,146.06,Loss,Korben,131.84,136.18,Win
2021,3,Rhett,169.12,145.06,Win,Houston,111.74,131.51,Loss
2021,3,Brayden,126.62,139.10,Win,Ryan,118.18,139.34,Loss
2021,3,Saxon,103.34,124.90,Loss,Justice,146.12,129.83,Win
2021,4,Abhi,173.56,151.14,Win,Ryan,107.74,132.12,Loss
2021,4,Peyton,148.32,133.27,Loss,Houston,153.32,127.51,Win
2021,4,Weston,109.76,143.13,Win,Rhett,92.00,143.04,Loss
2021,4,Korben,91.16,132.86,Loss,James,168.72,136.06,Win
2021,4,Brayden,145.38,136.09,Loss,Saxon,159.26,121.79,Win
2021,4,Ben,129.12,142.67,Win,Justice,97.62,138.30,Loss
2021,5,Abhi,137.34,150.92,Win,Saxon,104.24,122.36,Loss
2021,5,Peyton,137.66,132.35,Win,Weston,135.58,130.81,Loss
2021,5,Rhett,177.88,145.35,Win,Korben,150.58,133.06,Loss
2021,5,Brayden,172.12,127.37,Win,Justice,146.70,127.11,Loss
2021,5,Ben,216.36,146.47,Win,Houston,135.86,140.19,Loss
2021,5,Ryan,158.54,113.75,Win,James,107.58,140.76,Loss
2021,6,Abhi,138.80,149.82,Win,Ben,130.50,142.92,Loss
2021,6,Peyton,151.42,130.52,Win,Ryan,86.90,117.27,Loss
2021,6,Weston,130.06,125.10,Loss,Justice,149.62,128.52,Win
2021,6,Rhett,156.84,133.86,Win,Saxon,101.12,117.61,Loss
2021,6,Korben,135.90,123.06,Win,Brayden,125.06,132.09,Loss
2021,6,James,180.50,134.52,Win,Houston,148.16,138.59,Loss
2021,7,Abhi,117.74,135.91,Loss,Peyton,128.54,119.15,Win
2021,7,Weston,127.34,118.66,Win,Saxon,110.24,115.67,Loss
2021,7,Rhett,126.16,131.93,Win,James,112.24,138.31,Loss
2021,7,Korben,187.80,118.00,Win,Ryan,127.98,124.69,Loss
2021,7,Brayden,104.44,99.53,Loss,Ben,150.46,136.99,Win
2021,7,Houston,137.84,134.20,Win,Justice,121.88,119.67,Loss
2021,8,Abhi,146.20,147.28,Win,Rhett,135.68,135.93,Loss
2021,8,Peyton,97.56,134.38,Loss,Saxon,98.12,126.27,Win
2021,8,Weston,124.02,125.90,Win,Ryan,109.62,105.59,Loss
2021,8,Korben,137.62,136.25,Win,Ben,100.76,121.75,Loss
2021,8,Brayden,107.88,138.87,Win,Houston,86.36,141.97,Loss
2021,8,James,118.50,150.97,Loss,Justice,122.26,128.44,Win
2021,9,Abhi,157.90,124.36,Win,Brayden,132.28,138.34,Loss
2021,9,Peyton,101.16,135.86,Loss,Korben,102.34,131.06,Win
2021,9,Weston,153.46,130.90,Win,Houston,125.82,112.28,Loss
2021,9,Rhett,97.16,137.28,Loss,Ben,97.84,128.15,Win
2021,9,Ryan,141.94,121.99,Win,Justice,94.08,132.53,Loss
2021,9,Saxon,101.30,122.15,Win,James,83.52,127.09,Loss
2021,10,Abhi,140.70,152.42,Win,Weston,74.40,128.09,Loss
2021,10,Peyton,133.00,143.78,Win,Brayden,128.04,143.51,Loss
2021,10,Rhett,170.38,147.18,Win,Ryan,95.96,113.29,Loss
2021,10,Korben,106.50,145.64,Win,Justice,90.64,124.28,Loss
2021,10,Ben,121.88,143.76,Loss,James,137.34,134.61,Win
2021,10,Saxon,68.20,112.49,Loss,Houston,68.24,105.31,Win
2021,11,Abhi,165.18,144.01,Win,Korben,160.48,139.98,Loss
2021,11,Peyton,63.04,123.97,Loss,Justice,98.92,121.15,Win
2021,11,Weston,129.48,129.88,Win,James,102.64,139.84,Loss
2021,11,Rhett,141.52,144.18,Loss,Brayden,170.80,136.02,Win
2021,11,Ben,141.80,133.91,Win,Saxon,108.96,105.97,Loss
2021,11,Ryan,70.24,106.14,Loss,Houston,111.32,95.49,Win
2021,12,Abhi,69.14,143.58,Loss,Houston,125.48,117.44,Win
2021,12,Peyton,155.00,134.94,Loss,James,164.28,124.23,Win
2021,12,Weston,122.90,127.44,Win,Brayden,110.46,145.20,Loss
2021,12,Rhett,109.68,142.81,Win,Justice,96.16,119.16,Loss
2021,12,Korben,156.20,131.44,Win,Saxon,123.14,119.61,Loss
2021,12,Ben,150.98,125.61,Win,Ryan,72.68,119.32,Loss
2021,13,Abhi,140.72,142.51,Loss,Rhett,177.40,149.50,Win
2021,13,Peyton,116.42,141.65,Win,Saxon,77.68,114.06,Loss
2021,13,Weston,147.60,126.20,Win,Ryan,92.30,112.66,Loss
2021,13,Korben,114.46,118.28,Win,Ben,98.54,120.40,Loss
2021,13,Brayden,198.26,145.18,Win,Houston,124.74,129.79,Loss
2021,13,James,115.52,132.93,Loss,Justice,124.68,127.09,Win
2021,14,Abhi,170.32,140.60,Win,Ryan,70.90,121.18,Loss
2021,14,Peyton,154.94,142.44,Win,Houston,108.36,123.30,Loss
2021,14,Weston,127.10,133.36,Loss,Rhett,157.08,145.23,Win
2021,14,Korben,166.50,134.58,Win,James,115.02,137.80,Loss
2021,14,Brayden,162.96,115.99,Win,Saxon,95.38,117.92,Loss
2021,14,Ben,142.84,140.29,Win,Justice,129.42,117.46,Loss
2021,15,Abhi,94.06,142.76,Loss,James,119.10,126.25,Win
2021,15,Peyton,102.78,137.21,Win,Korben,82.74,135.19,Loss
2021,15,Weston,93.68,135.38,Loss,Rhett,119.36,118.43,Win
2021,15,Brayden,110.16,141.95,Loss,Ben,144.92,135.09,Win
2021,16,Abhi,104.78,139.51,Loss,Brayden,138.76,141.48,Win
2021,16,Peyton,133.40,135.13,Loss,Rhett,140.48,132.48,Win
2021,16,Weston,182.30,122.76,Win,Korben,116.04,141.61,Loss
2021,16,Ben,152.68,122.76,Win,James,115.32,132.90,Loss
2021,17,Abhi,138.40,148.70,Loss,Korben,138.68,142.45,Win
2021,17,Peyton,151.04,132.98,Win,James,91.96,140.25,Loss
2021,17,Weston,146.54,135.72,Win,Brayden,95.36,151.54,Loss
2021,17,Rhett,143.06,143.72,Loss,Ben,159.32,148.25,Win
2022,1,Abhi,101.48,137.93,Loss,Ben,126.84,120.86,Win
2022,1,Weston,163.86,139.92,Win,James,103.52,125.10,Loss
2022,1,Rhett,90.46,130.68,Loss,Brayden,158.52,133.82,Win
2022,1,Korben,122.70,133.73,Loss,Ryan,124.62,135.30,Win
2022,1,Saxon,123.70,133.78,Win,Houston,115.50,128.07,Loss
2022,1,Justice,94.80,132.96,Loss,Davis,116.22,124.22,Win
2022,2,Abhi,107.20,126.48,Loss,Korben,123.30,127.19,Win
2022,2,Weston,118.66,147.74,Loss,Houston,145.16,131.40,Win
2022,2,Rhett,175.08,124.18,Loss,Davis,200.18,120.89,Win
2022,2,Brayden,142.92,138.47,Loss,Ryan,145.72,123.28,Win
2022,2,Ben,128.28,128.31,Win,James,87.76,122.38,Loss
2022,2,Saxon,128.42,119.54,Win,Justice,97.16,127.51,Loss
2022,3,Abhi,128.30,136.19,Win,Weston,122.08,135.03,Loss
2022,3,Rhett,78.74,130.06,Loss,Korben,105.66,128.12,Win
2022,3,Brayden,135.50,136.93,Win,Justice,100.44,119.39,Loss
2022,3,Ben,96.50,126.11,Loss,Ryan,133.62,108.08,Win
2022,3,Saxon,111.08,129.60,Win,James,96.32,120.12,Loss
2022,3,Houston,122.20,131.43,Loss,Davis,132.46,123.34,Win
2022,4,Abhi,190.30,126.88,Win,Davis,97.08,121.99,Loss
2022,4,Weston,189.88,140.36,Win,Ryan,104.96,118.93,Loss
2022,4,Rhett,104.10,117.40,Win,Houston,103.84,140.96,Loss
2022,4,Korben,120.32,126.46,Win,James,102.78,121.92,Loss
2022,4,Brayden,113.56,132.53,Win,Saxon,107.66,109.69,Loss
2022,4,Ben,113.52,130.19,Win,Justice,106.18,119.58,Loss
2022,5,Abhi,143.14,135.78,Win,Rhett,105.68,122.96,Loss
2022,5,Weston,130.72,132.22,Loss,Davis,148.00,124.79,Win
2022,5,Korben,133.94,121.51,Win,Houston,101.88,136.50,Loss
2022,5,Brayden,111.36,139.18,Win,James,86.78,107.47,Loss
2022,5,Ben,114.06,126.71,Loss,Saxon,149.44,128.85,Win
2022,5,Ryan,103.36,121.32,Win,Justice,74.72,115.20,Loss
2022,6,Abhi,103.48,123.12,Win,James,99.94,105.81,Loss
2022,6,Weston,84.42,110.15,Loss,Brayden,134.60,127.58,Win
2022,6,Rhett,99.08,114.23,Loss,Justice,110.48,120.31,Win
2022,6,Korben,124.42,124.51,Loss,Ben,133.46,125.48,Win
2022,6,Ryan,82.50,121.20,Loss,Houston,144.50,128.09,Win
2022,6,Saxon,98.10,132.13,Loss,Davis,133.38,126.92,Win
2022,7,Abhi,126.10,129.66,Win,Saxon,120.46,128.28,Loss
2022,7,Weston,154.62,143.76,Win,Justice,118.70,107.59,Loss
2022,7,Rhett,86.58,117.73,Loss,Ben,158.98,110.92,Win
2022,7,Korben,83.64,124.53,Loss,Brayden,126.22,113.65,Win
2022,7,Ryan,103.72,125.50,Loss,Davis,110.06,110.50,Win
2022,7,James,121.92,106.44,Loss,Houston,151.74,111.07,Win
2022,8,Abhi,97.30,122.54,Loss,Justice,107.54,118.25,Win
2022,8,Weston,128.94,131.52,Loss,Korben,134.46,119.88,Win
2022,8,Rhett,177.20,131.07,Win,Saxon,134.10,112.65,Loss
2022,8,Brayden,176.80,118.06,Win,Houston,144.68,133.24,Loss
2022,8,Ben,120.62,129.02,Loss,Davis,165.84,122.94,Win
2022,8,Ryan,141.64,127.44,Loss,James,146.30,109.29,Win
2022,9,Abhi,125.00,129.01,Loss,Houston,142.64,133.86,Win
2022,9,Weston,100.20,118.32,Loss,Rhett,180.12,127.52,Win
2022,9,Korben,94.80,109.55,Loss,Davis,119.30,114.85,Win
2022,9,Brayden,174.62,136.39,Win,Ben,88.96,117.43,Loss
2022,9,Ryan,114.94,123.43,Win,Saxon,98.14,115.38,Loss
2022,9,James,131.48,108.86,Win,Justice,116.50,110.06,Loss
2022,10,Abhi,133.42,129.32,Loss,Ben,141.66,118.81,Win
2022,10,Weston,164.74,134.61,Win,James,100.44,111.32,Loss
2022,10,Rhett,176.18,131.67,Win,Brayden,146.70,127.88,Loss
2022,10,Korben,121.58,116.10,Win,Ryan,118.78,118.85,Loss
2022,10,Saxon,102.04,117.70,Win,Houston,64.14,122.43,Loss
2022,10,Justice,96.50,116.52,Loss,Davis,116.96,118.21,Win
2022,11,Abhi,164.74,129.94,Win,Ryan,112.72,124.46,Loss
2022,11,Weston,152.50,138.15,Win,Ben,136.76,113.57,Loss
2022,11,Rhett,113.52,116.14,Win,James,73.88,105.86,Loss
2022,11,Korben,105.00,102.01,Loss,Saxon,123.26,115.75,Win
2022,11,Brayden,126.70,120.57,Loss,Davis,155.02,119.33,Win
2022,11,Houston,145.08,106.19,Win,Justice,89.28,118.57,Loss
2022,12,Abhi,169.84,137.37,Win,Brayden,160.52,131.64,Loss
2022,12,Weston,137.26,139.17,Win,Saxon,84.90,127.93,Loss
2022,12,Rhett,111.94,134.74,Loss,Ryan,113.86,127.68,Win
2022,12,Korben,163.76,115.45,Win,Justice,122.16,118.33,Loss
2022,12,Ben,112.06,124.21,Win,Houston,107.00,122.20,Loss
2022,12,James,74.86,108.37,Loss,Davis,148.74,133.83,Win
2022,13,Abhi,108.54,133.82,Loss,Justice,121.68,114.90,Win
2022,13,Weston,137.40,147.60,Win,Korben,107.82,128.38,Loss
2022,13,Rhett,150.16,126.61,Win,Saxon,105.42,122.44,Loss
2022,13,Brayden,187.70,123.21,Win,Houston,152.88,118.93,Loss
2022,13,Ben,127.00,125.00,Win,Davis,99.36,123.57,Loss
2022,13,Ryan,105.94,116.07,Win,James,94.10,111.33,Loss
2022,14,Abhi,109.52,131.02,Win,Davis,63.56,129.40,Loss
2022,14,Weston,128.48,148.71,Win,Ryan,97.52,116.52,Loss
2022,14,Rhett,119.66,133.46,Win,Houston,78.56,106.85,Loss
2022,14,Korben,143.80,123.36,Win,James,142.40,110.27,Loss
2022,14,Brayden,123.48,123.22,Win,Saxon,108.60,110.92,Loss
2022,14,Ben,102.20,121.78,Loss,Justice,127.16,120.57,Win
2022,15,Abhi,99.14,138.64,Loss,Ben,167.56,131.44,Win
2022,15,Weston,147.52,144.11,Win,Korben,105.80,118.47,Loss
2022,15,Saxon,100.34,118.13,Loss,James,149.56,107.17,Win
2022,15,Houston,121.98,112.33,Loss,Justice,124.62,118.94,Win
2022,16,Abhi,134.44,129.01,Win,Korben,94.76,110.30,Loss
2022,16,Weston,133.00,139.31,Loss,Brayden,191.56,109.67,Win
2022,16,Rhett,112.16,129.73,Loss,Justice,122.00,126.64,Win
2022,16,Ben,125.58,132.71,Win,Davis,93.06,115.20,Loss
2022,16,Ryan,109.12,115.43,Win,James,52.40,111.66,Loss
2022,16,Saxon,113.66,113.50,Loss,Houston,126.26,114.43,Win
2022,17,Weston,152.70,139.95,Win,Davis,118.08,123.34,Loss
2022,17,Rhett,80.28,128.43,Loss,James,94.50,86.56,Win
2022,17,Brayden,144.16,117.71,Loss,Ben,151.66,126.83,Win
2022,17,Ryan,121.24,104.16,Win,Justice,86.02,130.35,Loss
2023,1,Abhi,114.54,134.67,Loss,Ryan,116.76,122.60,Win
2023,1,James,84.64,110.81,Loss,Brayden,150.84,111.49,Win
2023,1,Justice,95.84,116.85,Loss,Saxon,149.54,115.56,Win
2023,1,Weston,99.26,118.22,Win,Davis,85.88,118.94,Loss
2023,1,Ben,96.80,100.99,Loss,Houston,174.84,116.40,Win
2023,1,Korben,68.00,114.74,Loss,Rhett,104.82,121.42,Win
2023,2,Abhi,120.92,122.55,Win,Houston,97.36,111.34,Loss
2023,2,James,135.56,120.28,Win,Weston,111.10,98.74,Loss
2023,2,Justice,98.64,117.23,Loss,Davis,136.88,118.64,Win
2023,2,Ben,123.84,113.44,Loss,Brayden,130.94,112.53,Win
2023,2,Korben,151.80,121.58,Win,Saxon,106.40,121.90,Loss
2023,2,Ryan,137.38,117.49,Win,Rhett,121.72,115.74,Loss
2023,3,Abhi,147.40,128.67,Loss,Korben,156.82,111.69,Win
2023,3,James,119.02,121.96,Loss,Houston,123.86,108.70,Win
2023,3,Justice,99.46,113.69,Loss,Rhett,135.62,117.85,Win
2023,3,Weston,112.90,110.43,Loss,Saxon,126.28,122.21,Win
2023,3,Ben,163.50,120.61,Loss,Ryan,186.18,118.82,Win
2023,3,Brayden,97.88,115.04,Loss,Davis,164.26,113.58,Win
2023,4,Abhi,129.26,128.88,Win,Saxon,81.62,116.51,Loss
2023,4,James,160.80,114.11,Win,Korben,146.08,116.81,Loss
2023,4,Justice,126.38,109.58,Loss,Ryan,150.14,120.38,Win
2023,4,Weston,104.28,112.69,Loss,Ben,147.52,124.92,Win
2023,4,Houston,72.78,116.99,Loss,Davis,90.24,103.78,Win
2023,4,Brayden,168.34,114.77,Win,Rhett,124.00,112.32,Loss
2023,5,Abhi,114.86,130.26,Win,Weston,92.12,100.66,Loss
2023,5,James,188.46,115.85,Win,Saxon,88.94,116.66,Loss
2023,5,Justice,180.78,109.97,Win,Ben,120.48,114.18,Loss
2023,5,Houston,120.62,109.19,Loss,Korben,131.22,116.15,Win
2023,5,Brayden,124.76,127.77,Win,Ryan,118.84,118.96,Loss
2023,5,Davis,52.18,90.10,Loss,Rhett,148.24,110.41,Win
2023,6,Abhi,106.90,125.14,Win,Davis,72.20,107.15,Loss
2023,6,James,125.36,120.88,Win,Ben,96.40,122.03,Loss
2023,6,Justice,90.54,118.66,Loss,Houston,128.18,112.65,Win
2023,6,Weston,107.28,121.85,Loss,Brayden,120.42,134.22,Win
2023,6,Korben,111.24,124.73,Loss,Ryan,138.62,126.67,Win
2023,6,Saxon,104.44,113.34,Loss,Rhett,138.52,115.80,Win
2023,7,Abhi,129.06,116.33,Win,Ben,118.48,115.67,Loss
2023,7,James,136.40,115.77,Loss,Ryan,174.08,117.26,Win
2023,7,Justice,109.54,104.15,Win,Weston,87.96,108.53,Loss
2023,7,Houston,92.64,112.49,Win,Rhett,69.26,117.42,Loss
2023,7,Brayden,101.66,121.17,Loss,Saxon,116.06,109.00,Win
2023,7,Korben,136.00,112.79,Win,Davis,112.50,94.19,Loss
2023,8,Abhi,162.26,120.71,Loss,Justice,173.58,123.03,Win
2023,8,James,152.66,119.95,Win,Rhett,98.88,118.98,Loss
2023,8,Weston,110.96,115.95,Loss,Houston,130.46,118.49,Win
2023,8,Ben,133.72,115.29,Win,Davis,133.22,100.26,Loss
2023,8,Brayden,127.40,127.41,Loss,Korben,172.92,128.75,Win
2023,8,Ryan,115.78,128.80,Win,Saxon,94.30,117.73,Loss
2023,9,Abhi,113.18,124.02,Loss,James,114.62,112.42,Win
2023,9,Justice,91.18,106.97,Loss,Brayden,91.60,101.34,Win
2023,9,Weston,83.28,96.78,Loss,Korben,150.64,113.86,Win
2023,9,Ben,136.94,117.99,Win,Rhett,125.94,111.57,Loss
2023,9,Houston,109.34,109.90,Loss,Saxon,128.44,109.90,Win
2023,9,Davis,136.86,92.59,Win,Ryan,116.18,116.65,Loss
2023,10,Abhi,111.02,112.08,Win,Ryan,83.92,106.56,Loss
2023,10,James,128.08,110.14,Win,Brayden,127.64,110.59,Loss
2023,10,Justice,120.40,116.34,Win,Saxon,89.00,106.64,Loss
2023,10,Weston,163.44,108.80,Loss,Davis,177.96,111.60,Win
2023,10,Ben,112.84,113.47,Win,Houston,95.42,102.13,Loss
2023,10,Korben,175.82,123.16,Win,Rhett,152.18,124.93,Loss
2023,11,Abhi,90.10,112.88,Loss,Rhett,96.54,127.38,Win
2023,11,James,130.90,119.49,Loss,Davis,138.06,112.45,Win
2023,11,Justice,141.64,119.27,Win,Korben,129.00,123.07,Loss
2023,11,Weston,106.12,110.99,Win,Ryan,106.06,110.18,Loss
2023,11,Ben,107.34,115.31,Loss,Saxon,133.48,105.11,Win
2023,11,Houston,128.60,116.17,Win,Brayden,121.24,132.48,Loss
2023,12,Abhi,120.34,123.25,Loss,Brayden,165.96,130.99,Win
2023,12,James,151.06,116.84,Win,Justice,147.56,118.57,Loss
2023,12,Weston,121.28,106.27,Win,Rhett,113.86,124.06,Loss
2023,12,Ben,105.70,116.07,Loss,Korben,134.48,127.88,Win
2023,12,Houston,105.12,113.54,Loss,Ryan,160.38,125.64,Win
2023,12,Davis,130.24,114.22,Win,Saxon,128.52,120.43,Loss
2023,13,Abhi,120.54,111.48,Win,Justice,108.24,117.68,Loss
2023,13,James,126.96,107.96,Win,Rhett,120.46,118.16,Loss
2023,13,Weston,82.62,101.38,Loss,Houston,127.30,110.69,Win
2023,13,Ben,106.56,86.01,Loss,Davis,175.96,110.39,Win
2023,13,Brayden,187.76,126.83,Win,Korben,172.68,121.73,Loss
2023,13,Ryan,102.80,88.74,Win,Saxon,95.40,117.20,Loss
2023,14,Abhi,91.18,127.36,Loss,Saxon,99.84,108.89,Win
2023,14,James,97.62,117.28,Loss,Korben,105.74,132.37,Win
2023,14,Justice,116.10,113.30,Loss,Ryan,153.54,121.23,Win
2023,14,Weston,136.82,111.28,Win,Ben,77.92,115.68,Loss
2023,14,Houston,113.70,106.79,Loss,Davis,145.74,116.27,Win
2023,14,Brayden,139.82,126.75,Win,Rhett,132.22,115.47,Loss
2023,15,Abhi,127.42,127.46,Loss,Brayden,163.64,130.66,Win
2023,15,James,110.56,125.08,Win,Davis,90.26,114.67,Loss
2023,15,Justice,151.08,113.70,Loss,Weston,154.72,106.31,Win
2023,15,Ben,89.86,112.34,Loss,Rhett,131.38,110.96,Win
2023,16,Abhi,102.54,124.27,Loss,Davis,108.82,109.23,Win
2023,16,James,131.28,119.40,Win,Ryan,117.78,122.59,Loss
2023,16,Justice,126.04,114.85,Win,Ben,88.20,108.97,Loss
2023,16,Weston,150.08,102.00,Win,Saxon,116.90,101.81,Loss
2023,16,Houston,108.02,108.62,Loss,Rhett,115.50,111.44,Win
2023,16,Brayden,155.40,134.29,Win,Korben,148.70,117.14,Loss
2023,17,James,132.16,120.31,Loss,Brayden,133.52,132.70,Win
2023,17,Weston,100.74,93.96,Loss,Rhett,111.50,102.00,Win
2023,17,Houston,102.42,109.90,Win,Saxon,71.10,110.03,Loss
2023,17,Korben,167.88,123.29,Win,Ryan,131.54,119.90,Loss
2024,1,Abhi,122.16,121.05,Loss,Justice,129.08,108.49,Win
2024,1,James,133.92,120.07,Win,Ben,88.74,118.34,Loss
2024,1,Weston,129.96,113.71,Win,Korben,107.88,116.02,Loss
2024,1,Houston,98.78,121.56,Win,Davis,86.26,119.45,Loss
2024,1,Brayden,125.54,122.25,Win,Saxon,100.04,115.47,Loss
2024,1,Ryan,146.62,117.73,Loss,Rhett,150.48,118.68,Win
2024,2,Abhi,183.52,122.18,Win,Ryan,137.58,119.75,Loss
2024,2,James,138.42,110.41,Win,Weston,119.62,118.18,Loss
2024,2,Justice,107.36,115.86,Win,Saxon,106.94,107.68,Loss
2024,2,Ben,133.26,118.60,Win,Davis,121.40,123.56,Loss
2024,2,Houston,105.68,118.85,Loss,Rhett,121.50,120.39,Win
2024,2,Brayden,98.28,122.14,Loss,Korben,152.52,123.99,Win
2024,3,Abhi,129.04,124.89,Win,Brayden,86.84,113.07,Loss
2024,3,James,104.64,113.31,Loss,Houston,142.42,106.78,Win
2024,3,Justice,176.92,128.34,Win,Rhett,169.78,111.90,Loss
2024,3,Weston,107.06,116.54,Loss,Saxon,113.58,109.20,Win
2024,3,Ben,117.48,120.43,Loss,Korben,150.48,116.13,Win
2024,3,Davis,90.20,121.49,Loss,Ryan,94.58,110.04,Win
2024,4,Abhi,100.14,119.56,Loss,Houston,162.66,108.67,Win
2024,4,James,103.22,98.33,Loss,Saxon,139.60,111.48,Win
2024,4,Justice,71.30,117.78,Loss,Davis,141.60,121.90,Win
2024,4,Weston,98.78,116.20,Loss,Rhett,121.60,117.01,Win
2024,4,Ben,109.82,115.02,Loss,Brayden,138.84,110.26,Win
2024,4,Korben,108.48,120.74,Loss,Ryan,121.64,103.58,Win
2024,5,Abhi,116.38,118.49,Loss,Ben,119.70,106.57,Win
2024,5,James,145.90,111.43,Win,Rhett,111.04,107.63,Loss
2024,5,Justice,131.80,101.07,Loss,Weston,177.38,108.85,Win
2024,5,Houston,84.60,100.85,Loss,Saxon,105.94,110.86,Win
2024,5,Brayden,133.48,111.81,Loss,Ryan,140.92,98.99,Win
2024,5,Korben,137.92,116.11,Win,Davis,129.04,119.02,Loss
2024,6,Abhi,139.92,115.70,Win,Rhett,138.02,117.46,Loss
2024,6,James,128.68,104.83,Win,Korben,71.46,104.26,Loss
2024,6,Justice,122.66,109.15,Win,Ben,108.78,99.03,Loss
2024,6,Weston,131.02,118.44,Win,Brayden,108.76,102.38,Loss
2024,6,Houston,143.30,115.29,Win,Ryan,116.02,108.82,Loss
2024,6,Davis,111.78,118.56,Loss,Saxon,123.60,108.90,Win
2024,7,Abhi,141.98,120.42,Win,Saxon,111.16,122.17,Loss
2024,7,James,102.26,122.37,Win,Ryan,101.14,115.57,Loss
2024,7,Justice,128.52,103.63,Win,Korben,111.84,127.25,Loss
2024,7,Weston,118.44,118.13,Win,Davis,100.24,117.97,Loss
2024,7,Ben,109.04,109.27,Loss,Houston,131.90,111.14,Win
2024,7,Brayden,90.10,106.48,Loss,Rhett,160.64,115.13,Win
2024,8,Abhi,147.28,117.00,Loss,Davis,157.50,120.22,Win
2024,8,James,142.06,118.17,Win,Brayden,111.14,100.96,Loss
2024,8,Justice,140.22,113.78,Win,Houston,91.80,115.94,Loss
2024,8,Weston,134.40,125.99,Loss,Ryan,148.76,104.14,Win
2024,8,Ben,113.46,114.52,Win,Saxon,105.08,111.49,Loss
2024,8,Korben,128.34,122.96,Win,Rhett,120.04,121.41,Loss
2024,9,Abhi,118.10,120.94,Loss,Korben,138.84,121.45,Win
2024,9,James,148.30,124.86,Loss,Justice,151.00,118.08,Win
2024,9,Weston,146.92,121.45,Win,Houston,105.46,114.12,Loss
2024,9,Ben,110.50,117.38,Loss,Ryan,136.60,115.03,Win
2024,9,Brayden,120.72,118.32,Win,Davis,115.54,120.59,Loss
2024,9,Saxon,186.84,115.90,Win,Rhett,116.04,110.74,Loss
2024,10,Abhi,108.00,122.19,Win,Justice,81.30,116.44,Loss
2024,10,James,132.28,126.28,Loss,Ben,147.12,118.09,Win
2024,10,Weston,192.02,112.87,Win,Korben,101.02,120.41,Loss
2024,10,Houston,88.46,110.84,Loss,Davis,96.56,105.23,Win
2024,10,Brayden,120.34,113.25,Win,Saxon,89.34,118.53,Loss
2024,10,Ryan,118.10,125.82,Loss,Rhett,122.90,122.23,Win
2024,11,Abhi,188.28,116.94,Win,James,86.18,123.20,Loss
2024,11,Justice,77.38,113.69,Loss,Ryan,115.88,118.46,Win
2024,11,Weston,199.44,121.33,Win,Ben,90.96,111.68,Loss
2024,11,Houston,177.58,104.77,Win,Brayden,101.84,109.98,Loss
2024,11,Korben,161.24,119.69,Win,Saxon,104.44,115.58,Loss
2024,11,Davis,121.98,119.18,Loss,Rhett,122.60,114.51,Win
2024,12,Abhi,142.02,118.32,Win,Weston,130.08,117.05,Loss
2024,12,James,110.26,107.20,Loss,Davis,153.42,118.20,Win
2024,12,Justice,100.32,100.08,Win,Brayden,93.12,115.48,Loss
2024,12,Ben,159.44,97.70,Loss,Rhett,165.76,118.90,Win
2024,12,Houston,115.16,104.41,Win,Korben,70.50,115.02,Loss
2024,12,Ryan,116.98,119.96,Loss,Saxon,145.46,117.23,Win
2024,13,Abhi,142.36,123.42,Win,Davis,94.68,122.46,Loss
2024,13,James,120.12,117.27,Loss,Brayden,125.40,114.33,Win
2024,13,Justice,141.52,115.67,Loss,Houston,142.44,113.77,Win
2024,13,Weston,197.36,128.67,Win,Ryan,109.08,119.19,Loss
2024,13,Ben,154.04,113.35,Win,Saxon,119.94,124.74,Loss
2024,13,Korben,127.44,120.21,Win,Rhett,119.84,117.32,Loss
2024,14,Abhi,146.82,120.53,Win,Houston,115.22,104.17,Loss
2024,14,James,96.52,125.18,Loss,Saxon,130.74,98.74,Win
2024,14,Justice,193.08,118.60,Win,Davis,112.02,105.91,Loss
2024,14,Weston,162.16,125.48,Win,Rhett,122.12,117.99,Loss
2024,14,Ben,128.46,114.90,Loss,Brayden,202.68,116.26,Win
2024,14,Korben,144.96,114.90,Win,Ryan,117.94,110.41,Loss
2024,15,Abhi,153.00,127.09,Win,Saxon,114.66,127.92,Loss
2024,15,Justice,145.58,114.88,Win,Rhett,116.96,123.25,Loss
2024,15,Houston,168.86,115.05,Win,Korben,113.34,123.33,Loss
2024,16,Abhi,168.52,127.00,Win,Justice,121.56,120.61,Loss
2024,16,Weston,130.98,135.72,Loss,Houston,140.80,110.32,Win
2024,16,Saxon,150.30,115.99,Loss,Rhett,165.78,121.32,Win
2024,17,Abhi,149.26,129.51,Loss,Houston,169.42,119.18,Win
2024,17,Justice,144.78,126.16,Loss,Weston,173.38,130.75,Win
2024,17,Korben,131.58,122.12,Loss,Rhett,140.12,124.13,Win
2025,1,Abhi,0.00,0.00,Tie,Korben,0.00,0.00,Tie
2025,1,Davis,0.00,0.00,Tie,Ryan,0.00,0.00,Tie
2025,1,Ben,0.00,0.00,Tie,Houston,0.00,0.00,Tie
2025,1,Weston,0.00,0.00,Tie,James,0.00,0.00,Tie
2025,1,Brayden,0.00,0.00,Tie,Rhett,0.00,0.00,Tie
2025,1,Justice,0.00,0.00,Tie,Saxon,0.00,0.00,Tie
2025,2,Abhi,0.00,0.00,Tie,Weston,0.00,0.00,Tie
2025,2,Davis,0.00,0.00,Tie,Saxon,0.00,0.00,Tie
2025,2,Ben,0.00,0.00,Tie,Justice,0.00,0.00,Tie
2025,2,Brayden,0.00,0.00,Tie,James,0.00,0.00,Tie
2025,2,Ryan,0.00,0.00,Tie,Korben,0.00,0.00,Tie
2025,2,Houston,0.00,0.00,Tie,Rhett,0.00,0.00,Tie
2025,3,Abhi,0.00,0.00,Tie,James,0.00,0.00,Tie
2025,3,Davis,0.00,0.00,Tie,Korben,0.00,0.00,Tie
2025,3,Ben,0.00,0.00,Tie,Brayden,0.00,0.00,Tie
2025,3,Weston,0.00,0.00,Tie,Rhett,0.00,0.00,Tie
2025,3,Justice,0.00,0.00,Tie,Ryan,0.00,0.00,Tie
2025,3,Houston,0.00,0.00,Tie,Saxon,0.00,0.00,Tie
2025,4,Abhi,0.00,0.00,Tie,Ben,0.00,0.00,Tie
2025,4,Davis,0.00,0.00,Tie,Brayden,0.00,0.00,Tie
2025,4,Weston,0.00,0.00,Tie,Korben,0.00,0.00,Tie
2025,4,Justice,0.00,0.00,Tie,Houston,0.00,0.00,Tie
2025,4,James,0.00,0.00,Tie,Ryan,0.00,0.00,Tie
2025,4,Rhett,0.00,0.00,Tie,Saxon,0.00,0.00,Tie
2025,5,Abhi,0.00,0.00,Tie,Houston,0.00,0.00,Tie
2025,5,Davis,0.00,0.00,Tie,Weston,0.00,0.00,Tie
2025,5,Ben,0.00,0.00,Tie,Saxon,0.00,0.00,Tie
2025,5,Brayden,0.00,0.00,Tie,Justice,0.00,0.00,Tie
2025,5,James,0.00,0.00,Tie,Korben,0.00,0.00,Tie
2025,5,Ryan,0.00,0.00,Tie,Rhett,0.00,0.00,Tie
2025,6,Abhi,0.00,0.00,Tie,Brayden,0.00,0.00,Tie
2025,6,Davis,0.00,0.00,Tie,Rhett,0.00,0.00,Tie
2025,6,Ben,0.00,0.00,Tie,Korben,0.00,0.00,Tie
2025,6,Weston,0.00,0.00,Tie,Houston,0.00,0.00,Tie
2025,6,Justice,0.00,0.00,Tie,James,0.00,0.00,Tie
2025,6,Ryan,0.00,0.00,Tie,Saxon,0.00,0.00,Tie
2025,7,Abhi,0.00,0.00,Tie,Rhett,0.00,0.00,Tie
2025,7,Davis,0.00,0.00,Tie,Justice,0.00,0.00,Tie
2025,7,Ben,0.00,0.00,Tie,James,0.00,0.00,Tie
2025,7,Weston,0.00,0.00,Tie,Saxon,0.00,0.00,Tie
2025,7,Brayden,0.00,0.00,Tie,Ryan,0.00,0.00,Tie
2025,7,Houston,0.00,0.00,Tie,Korben,0.00,0.00,Tie
2025,8,Abhi,0.00,0.00,Tie,Ryan,0.00,0.00,Tie
2025,8,Davis,0.00,0.00,Tie,Ben,0.00,0.00,Tie
2025,8,Weston,0.00,0.00,Tie,Brayden,0.00,0.00,Tie
2025,8,Justice,0.00,0.00,Tie,Rhett,0.00,0.00,Tie
2025,8,James,0.00,0.00,Tie,Houston,0.00,0.00,Tie
2025,8,Korben,0.00,0.00,Tie,Saxon,0.00,0.00,Tie
2025,9,Abhi,0.00,0.00,Tie,Davis,0.00,0.00,Tie
2025,9,Ben,0.00,0.00,Tie,Weston,0.00,0.00,Tie
2025,9,Brayden,0.00,0.00,Tie,Saxon,0.00,0.00,Tie
2025,9,Justice,0.00,0.00,Tie,Korben,0.00,0.00,Tie
2025,9,James,0.00,0.00,Tie,Rhett,0.00,0.00,Tie
2025,9,Ryan,0.00,0.00,Tie,Houston,0.00,0.00,Tie
2025,10,Abhi,0.00,0.00,Tie,Saxon,0.00,0.00,Tie
2025,10,Davis,0.00,0.00,Tie,James,0.00,0.00,Tie
2025,10,Ben,0.00,0.00,Tie,Ryan,0.00,0.00,Tie
2025,10,Weston,0.00,0.00,Tie,Justice,0.00,0.00,Tie
2025,10,Brayden,0.00,0.00,Tie,Houston,0.00,0.00,Tie
2025,10,Korben,0.00,0.00,Tie,Rhett,0.00,0.00,Tie
2025,11,Abhi,0.00,0.00,Tie,Justice,0.00,0.00,Tie
2025,11,Davis,0.00,0.00,Tie,Houston,0.00,0.00,Tie
2025,11,Ben,0.00,0.00,Tie,Rhett,0.00,0.00,Tie
2025,11,Weston,0.00,0.00,Tie,Ryan,0.00,0.00,Tie
2025,11,Brayden,0.00,0.00,Tie,Korben,0.00,0.00,Tie
2025,11,James,0.00,0.00,Tie,Saxon,0.00,0.00,Tie
2025,12,Abhi,0.00,0.00,Tie,Korben,0.00,0.00,Tie
2025,12,Davis,0.00,0.00,Tie,Ryan,0.00,0.00,Tie
2025,12,Ben,0.00,0.00,Tie,Houston,0.00,0.00,Tie
2025,12,Weston,0.00,0.00,Tie,James,0.00,0.00,Tie
2025,12,Brayden,0.00,0.00,Tie,Rhett,0.00,0.00,Tie
2025,12,Justice,0.00,0.00,Tie,Saxon,0.00,0.00,Tie
2025,13,Abhi,0.00,0.00,Tie,Weston,0.00,0.00,Tie
2025,13,Davis,0.00,0.00,Tie,Saxon,0.00,0.00,Tie
2025,13,Ben,0.00,0.00,Tie,Justice,0.00,0.00,Tie
2025,13,Brayden,0.00,0.00,Tie,James,0.00,0.00,Tie
2025,13,Ryan,0.00,0.00,Tie,Korben,0.00,0.00,Tie
2025,13,Houston,0.00,0.00,Tie,Rhett,0.00,0.00,Tie
2025,14,Abhi,0.00,0.00,Tie,James,0.00,0.00,Tie
2025,14,Davis,0.00,0.00,Tie,Korben,0.00,0.00,Tie
2025,14,Ben,0.00,0.00,Tie,Brayden,0.00,0.00,Tie
2025,14,Weston,0.00,0.00,Tie,Rhett,0.00,0.00,Tie
2025,14,Justice,0.00,0.00,Tie,Ryan,0.00,0.00,Tie
2025,14,Houston,0.00,0.00,Tie,Saxon,0.00,0.00,Tie
